_date,referee,home,away,fouls_home,fouls_away,corners_home,corners_away,tackles_home,tackles_away,offsides_home,offsides_away,goal_kicks_home,goal_kicks_away,throw_ins_home,throw_ins_away,shots_home,shots_away,sot_home,sot_away,league_season
2023-08-11,Benoît Bastien,Nice,Lille,13,9,3,3,16,26,5,1,4,6,14,19,8,12,3,5,L1 23/24
2023-08-12,Eric Wattellier,Marseille,Reims,7,16,10,10,15,16,3,4,8,8,17,26,14,11,4,4,L1 23/24
2023-08-12,Bastien Dechepy,Paris S-G,Lorient,8,6,9,2,10,13,0,0,3,13,16,6,20,4,4,0,L1 23/24
2023-08-13,Jérémie Pignard,Brest,Lens,13,15,6,8,19,22,0,4,7,7,21,21,13,8,6,2,L1 23/24
2023-08-13,Willy Delajod,Nantes,Toulouse,14,14,7,5,10,12,2,2,5,5,17,26,8,9,3,5,L1 23/24
2023-08-13,François Letexier,Clermont Foot,Monaco,7,16,6,2,16,24,3,1,4,8,16,9,15,14,7,8,L1 23/24
2023-08-13,Clément Turpin,Montpellier,Le Havre,8,12,4,2,17,12,5,0,13,10,19,21,14,12,5,4,L1 23/24
2023-08-13,Jeremy Stinat,Rennes,Metz,7,10,5,4,18,17,1,4,3,8,16,16,29,9,14,3,L1 23/24
2023-08-13,Jérôme Brisard,Strasbourg,Lyon,8,11,1,6,24,16,3,2,14,8,16,27,8,23,2,7,L1 23/24
2023-08-18,Jérôme Brisard,Metz,Marseille,15,9,4,9,14,11,0,2,17,8,22,18,10,22,5,5,L1 23/24
2023-08-19,Mathieu Vernice,Lyon,Montpellier,20,9,6,2,20,18,2,4,5,8,12,13,7,14,3,8,L1 23/24
2023-08-19,Thomas Léonard,Toulouse,Paris S-G,8,11,5,5,14,14,1,3,7,6,13,15,7,15,1,2,L1 23/24
2023-08-20,Pierre Gaillouste,Lille,Nantes,8,15,7,5,11,15,0,5,4,13,16,13,18,14,7,4,L1 23/24
2023-08-20,Romain Lissorgue,Reims,Clermont Foot,9,6,3,10,16,26,5,2,10,6,16,18,8,11,4,4,L1 23/24
2023-08-20,Florent Batta,Le Havre,Brest,18,15,5,3,15,23,4,2,5,11,21,23,18,10,7,5,L1 23/24
2023-08-20,Hakim Ben El Hadj Salem,Lorient,Nice,8,10,0,9,21,15,3,1,8,3,12,8,9,21,2,8,L1 23/24
2023-08-20,Ruddy Buquet,Monaco,Strasbourg,19,16,4,3,22,12,3,2,3,7,18,14,9,4,4,1,L1 23/24
2023-08-20,Benoît Millot,Lens,Rennes,15,10,11,0,15,14,1,1,4,9,19,20,15,9,4,4,L1 23/24
2023-08-25,Jérémie Pignard,Nantes,Monaco,8,7,1,10,19,17,2,2,16,3,11,20,2,27,2,9,L1 23/24
2023-08-26,Jeremy Stinat,Marseille,Brest,4,8,3,10,21,17,2,1,12,7,13,18,15,18,6,6,L1 23/24
2023-08-26,François Letexier,Paris S-G,Lens,8,16,5,5,15,29,1,2,8,6,13,15,17,12,6,4,L1 23/24
2023-08-27,Eric Wattellier,Rennes,Le Havre,5,7,5,2,18,28,2,3,3,8,21,18,22,7,7,3,L1 23/24
2023-08-27,Benoît Bastien,Strasbourg,Toulouse,16,17,3,3,16,20,0,2,7,9,20,21,11,7,3,1,L1 23/24
2023-08-27,Gaël Angoula,Clermont Foot,Metz,8,10,10,2,27,15,1,2,8,12,16,27,16,10,4,5,L1 23/24
2023-08-27,Marc Bollengier,Montpellier,Reims,9,19,5,3,14,26,0,2,9,12,32,20,20,11,3,5,L1 23/24
2023-08-27,Willy Delajod,Lorient,Lille,23,12,5,8,21,17,2,0,11,4,13,21,9,18,6,7,L1 23/24
2023-08-27,Bastien Dechepy,Nice,Lyon,8,14,7,2,17,16,7,1,5,11,11,12,21,6,4,1,L1 23/24
2023-09-01,Ruddy Buquet,Nantes,Marseille,7,13,2,7,16,9,2,0,18,2,17,18,10,26,2,9,L1 23/24
2023-09-02,Hakim Ben El Hadj Salem,Brest,Rennes,12,12,7,5,14,13,0,2,4,10,20,18,13,6,2,3,L1 23/24
2023-09-02,Willy Delajod,Monaco,Lens,21,16,5,2,10,11,3,3,9,7,23,20,12,12,6,1,L1 23/24
2023-09-03,Florent Batta,Toulouse,Clermont Foot,19,17,0,8,8,5,0,2,5,4,13,11,9,14,5,1,L1 23/24
2023-09-03,Benoît Millot,Lille,Montpellier,15,14,5,5,17,21,0,6,8,8,14,34,15,7,6,4,L1 23/24
2023-09-03,Romain Lissorgue,Le Havre,Lorient,10,7,5,4,14,9,0,2,3,9,17,13,17,9,6,2,L1 23/24
2023-09-03,Mathieu Vernice,Metz,Reims,10,17,4,1,18,23,0,2,8,8,16,27,12,12,4,2,L1 23/24
2023-09-03,Jeremy Stinat,Nice,Strasbourg,7,12,5,2,22,29,5,1,3,8,16,25,16,4,6,0,L1 23/24
2023-09-03,Eric Wattellier,Lyon,Paris S-G,9,5,5,2,23,19,0,1,7,8,13,7,18,21,7,7,L1 23/24
2023-09-15,Clément Turpin,Paris S-G,Nice,8,17,4,3,18,17,2,0,2,11,23,17,12,14,3,8,L1 23/24
2023-09-16,Jérôme Brisard,Rennes,Lille,11,16,5,2,12,25,2,1,2,4,29,24,7,10,4,6,L1 23/24
2023-09-16,Stéphanie Frappart,Lens,Metz,12,12,9,1,8,13,3,0,4,21,25,15,31,2,10,2,L1 23/24
2023-09-17,Marc Bollengier,Lorient,Monaco,13,14,8,6,19,13,2,2,12,8,8,14,10,20,3,6,L1 23/24
2023-09-17,Thomas Léonard,Clermont Foot,Nantes,16,16,6,3,12,14,3,0,4,14,27,21,15,8,3,5,L1 23/24
2023-09-17,Pierre Gaillouste,Strasbourg,Montpellier,17,18,2,4,18,20,0,1,8,9,12,21,14,10,7,4,L1 23/24
2023-09-17,Gaël Angoula,Reims,Brest,7,12,8,8,20,18,3,0,6,7,23,28,13,18,7,5,L1 23/24
2023-09-17,François Letexier,Marseille,Toulouse,9,11,6,1,16,12,1,3,7,10,32,9,24,10,6,3,L1 23/24
2023-09-17,Benoît Bastien,Lyon,Le Havre,13,12,6,1,18,26,3,2,8,8,22,17,23,7,7,0,L1 23/24
2023-09-22,Benoît Millot,Monaco,Nice,13,15,5,2,21,14,3,0,8,6,14,12,7,13,1,7,L1 23/24
2023-09-23,Florent Batta,Nantes,Lorient,8,17,4,2,20,14,0,0,4,12,15,21,18,10,8,7,L1 23/24
2023-09-23,Thomas Léonard,Brest,Lyon,17,16,10,1,21,19,1,0,3,13,24,18,27,6,11,3,L1 23/24
2023-09-24,Clément Turpin,Metz,Strasbourg,16,15,1,1,23,17,3,0,6,10,22,24,13,4,1,1,L1 23/24
2023-09-24,Hakim Ben El Hadj Salem,Lens,Toulouse,16,15,9,4,10,26,3,1,5,10,23,12,27,7,7,2,L1 23/24
2023-09-24,Mathieu Vernice,Le Havre,Clermont Foot,15,17,1,3,12,6,0,1,7,5,14,30,9,11,3,4,L1 23/24
2023-09-24,Stéphanie Frappart,Montpellier,Rennes,10,15,3,5,17,9,4,0,10,6,17,27,13,18,4,6,L1 23/24
2023-09-24,Willy Delajod,Paris S-G,Marseille,11,14,8,3,22,20,1,2,4,7,12,16,15,6,5,0,L1 23/24
2023-09-26,Jérémie Pignard,Lille,Reims,4,19,4,2,7,23,3,5,1,10,33,14,14,4,3,4,L1 23/24
2023-09-29,Jérôme Brisard,Strasbourg,Lens,16,13,2,3,8,16,0,6,9,7,21,16,8,9,2,2,L1 23/24
2023-09-30,Marc Bollengier,Clermont Foot,Paris S-G,11,16,6,9,14,13,1,0,11,6,8,19,12,21,3,10,L1 23/24
2023-09-30,Benoît Bastien,Monaco,Marseille,17,15,2,6,19,15,1,5,5,5,23,17,10,8,7,4,L1 23/24
2023-10-01,François Letexier,Reims,Lyon,19,14,1,5,23,9,1,2,3,4,18,17,8,11,3,6,L1 23/24
2023-10-01,Romain Lissorgue,Nice,Brest,13,9,6,4,13,30,0,2,8,10,23,14,12,7,1,2,L1 23/24
2023-10-01,Gaël Angoula,Toulouse,Metz,10,7,4,6,16,11,3,0,12,6,16,19,15,8,10,3,L1 23/24
2023-10-01,Bastien Dechepy,Le Havre,Lille,18,6,6,6,18,18,6,1,6,3,19,13,5,16,0,6,L1 23/24
2023-10-01,Jeremy Stinat,Lorient,Montpellier,13,6,8,3,15,22,1,1,8,8,22,14,14,13,3,7,L1 23/24
2023-10-01,Ruddy Buquet,Rennes,Nantes,11,17,6,4,6,20,1,5,2,13,20,11,14,10,3,3,L1 23/24
2023-10-06,Stéphanie Frappart,Strasbourg,Nantes,15,12,3,11,19,13,0,2,9,6,16,23,11,16,3,7,L1 23/24
2023-10-07,Jérôme Brisard,Metz,Nice,9,10,1,4,16,14,3,0,5,2,14,21,10,7,3,4,L1 23/24
2023-10-07,Hakim Ben El Hadj Salem,Reims,Monaco,10,14,10,5,13,24,3,5,6,4,25,21,10,11,3,4,L1 23/24
2023-10-08,Thomas Léonard,Marseille,Le Havre,6,16,4,3,14,19,1,1,5,7,23,9,14,7,6,1,L1 23/24
2023-10-08,Clément Turpin,Lyon,Lorient,22,10,5,2,17,11,1,0,3,5,21,17,8,6,5,5,L1 23/24
2023-10-08,Pierre Gaillouste,Brest,Toulouse,18,18,3,5,15,12,0,1,3,12,18,18,13,9,2,3,L1 23/24
2023-10-08,Benoît Millot,Lens,Lille,14,16,8,5,6,18,3,0,5,11,23,15,14,8,5,3,L1 23/24
2023-10-08,Benoît Bastien,Rennes,Paris S-G,12,15,1,7,20,23,1,1,8,8,23,13,14,17,4,7,L1 23/24
2023-10-20,François Letexier,Le Havre,Lens,16,9,3,3,13,24,1,4,8,8,35,29,14,13,4,7,L1 23/24
2023-10-21,Bastien Dechepy,Paris S-G,Strasbourg,11,10,1,6,23,18,4,1,6,6,10,20,7,7,3,1,L1 23/24
2023-10-21,Ruddy Buquet,Nice,Marseille,13,6,4,2,21,17,0,3,10,6,15,13,10,9,2,1,L1 23/24
2023-10-22,Gaël Angoula,Lorient,Rennes,5,14,6,16,27,19,0,2,9,3,10,26,5,20,4,6,L1 23/24
2023-10-22,Marc Bollengier,Nantes,Montpellier,16,13,4,3,17,16,1,0,9,7,18,20,14,11,5,6,L1 23/24
2023-10-22,Hakim Ben El Hadj Salem,Lille,Brest,12,13,3,5,30,28,0,1,8,3,19,28,6,9,4,1,L1 23/24
2023-10-22,Jeremy Stinat,Toulouse,Reims,18,15,5,7,15,32,1,2,7,5,20,21,11,15,5,3,L1 23/24
2023-10-22,Romain Lissorgue,Monaco,Metz,12,11,10,2,21,19,2,1,9,11,16,22,27,8,13,4,L1 23/24
2023-10-22,Willy Delajod,Lyon,Clermont Foot,16,12,10,3,23,27,1,1,6,12,22,10,25,12,6,5,L1 23/24
2023-10-27,Jérémie Pignard,Clermont Foot,Nice,14,12,2,2,17,11,2,2,12,3,20,20,8,11,3,4,L1 23/24
2023-10-28,Benoît Bastien,Reims,Lorient,16,7,4,3,19,12,2,0,6,8,20,18,12,9,5,1,L1 23/24
2023-10-28,Pierre Gaillouste,Lens,Nantes,12,17,4,1,16,14,3,0,12,5,17,13,9,11,5,1,L1 23/24
2023-10-29,Jérôme Brisard,Brest,Paris S-G,14,10,9,5,15,30,0,2,7,10,19,14,21,16,5,9,L1 23/24
2023-10-29,Hakim Ben El Hadj Salem,Metz,Le Havre,13,15,5,6,12,17,3,2,6,6,25,15,9,12,3,2,L1 23/24
2023-10-29,Thomas Léonard,Montpellier,Toulouse,13,15,3,4,14,15,2,1,7,9,19,21,19,17,6,5,L1 23/24
2023-10-29,Clément Turpin,Lille,Monaco,17,13,2,8,16,14,0,5,12,2,15,22,7,16,5,6,L1 23/24
2023-10-29,Florent Batta,Rennes,Strasbourg,14,16,7,5,15,19,4,2,9,10,20,15,20,11,3,3,L1 23/24
2023-11-03,Ruddy Buquet,Paris S-G,Montpellier,10,13,9,2,17,33,2,2,4,8,15,18,21,7,9,2,L1 23/24
2023-11-04,Bastien Dechepy,Lorient,Lens,10,14,1,5,24,18,4,1,11,3,14,23,7,14,2,7,L1 23/24
2023-11-04,Stéphanie Frappart,Marseille,Lille,10,12,2,8,16,13,3,2,8,9,20,11,8,10,3,1,L1 23/24
2023-11-05,Benoît Millot,Lyon,Metz,16,14,4,9,25,23,2,0,5,7,13,17,15,11,4,5,L1 23/24
2023-11-05,Jeremy Stinat,Strasbourg,Clermont Foot,11,5,4,6,33,15,1,5,7,6,16,13,18,10,5,2,L1 23/24
2023-11-05,Gaël Angoula,Nantes,Reims,5,11,10,6,7,8,0,6,5,13,21,14,17,7,4,3,L1 23/24
2023-11-05,Marc Bollengier,Toulouse,Le Havre,9,12,4,6,33,12,1,2,6,9,24,15,16,15,5,7,L1 23/24
2023-11-05,Eric Wattellier,Monaco,Brest,15,11,6,4,20,17,1,2,10,5,20,20,12,15,6,1,L1 23/24
2023-11-05,Clément Turpin,Nice,Rennes,7,12,2,1,20,17,0,0,4,11,14,17,15,11,3,4,L1 23/24
2023-11-10,Hakim Ben El Hadj Salem,Montpellier,Nice,11,15,3,7,11,9,3,1,9,5,9,16,9,15,1,3,L1 23/24
2023-11-11,Willy Delajod,Reims,Paris S-G,14,6,8,3,16,24,4,1,7,8,23,10,19,14,6,6,L1 23/24
2023-11-11,Thomas Léonard,Le Havre,Monaco,10,18,2,4,16,22,2,2,10,2,26,17,8,10,4,4,L1 23/24
2023-11-12,Florent Batta,Metz,Nantes,7,9,2,5,11,14,1,1,12,3,19,24,9,16,4,3,L1 23/24
2023-11-12,Romain Lissorgue,Clermont Foot,Lorient,15,10,5,4,26,17,1,1,7,8,7,18,16,10,5,3,L1 23/24
2023-11-12,Mathieu Vernice,Lille,Toulouse,12,16,11,1,18,23,2,2,3,5,21,20,14,2,5,1,L1 23/24
2023-11-12,Stéphanie Frappart,Rennes,Lyon,5,18,6,9,22,14,0,3,11,7,15,15,8,12,2,5,L1 23/24
2023-11-12,Benoît Bastien,Lens,Marseille,19,15,4,5,12,22,0,1,6,11,20,26,14,8,2,2,L1 23/24
2023-11-24,Benoît Bastien,Paris S-G,Monaco,9,19,2,10,18,27,1,5,8,5,22,14,15,14,10,7,L1 23/24
2023-11-25,Benoît Millot,Clermont Foot,Lens,16,17,2,4,7,16,0,0,4,7,10,8,13,16,4,10,L1 23/24
2023-11-25,Jérôme Brisard,Strasbourg,Marseille,14,16,7,11,21,15,0,3,9,8,12,16,15,16,7,3,L1 23/24
2023-11-26,François Letexier,Nice,Toulouse,9,19,4,2,15,17,0,1,8,8,15,23,8,19,2,2,L1 23/24
2023-11-26,Jérémie Pignard,Lorient,Metz,10,17,5,6,14,21,1,0,6,5,19,14,11,13,5,4,L1 23/24
2023-11-26,Pierre Gaillouste,Montpellier,Brest,11,18,9,1,19,22,1,2,11,10,28,18,15,17,4,5,L1 23/24
2023-11-26,Miguel Nogueira,Nantes,Le Havre,10,17,10,5,12,12,2,1,6,10,24,22,19,6,3,0,L1 23/24
2023-11-26,Ruddy Buquet,Rennes,Reims,10,18,1,8,16,14,1,4,6,2,23,24,10,15,5,4,L1 23/24
2023-11-26,Eric Wattellier,Lyon,Lille,17,5,3,5,14,15,3,1,5,4,10,11,11,15,5,8,L1 23/24
2023-11-29,Mathieu Vernice,Montpellier,Clermont Foot,23,14,8,0,15,16,1,0,5,13,30,5,31,5,7,1,L1 23/24
2023-12-01,Hakim Ben El Hadj Salem,Reims,Strasbourg,7,7,4,5,22,16,2,1,8,7,20,25,12,9,3,2,L1 23/24
2023-12-02,Clément Turpin,Lens,Lyon,11,14,3,6,12,14,0,0,4,5,16,15,9,12,6,7,L1 23/24
2023-12-02,Ruddy Buquet,Nantes,Nice,15,18,5,6,17,10,1,4,6,8,13,16,13,13,4,6,L1 23/24
2023-12-03,Bastien Dechepy,Le Havre,Paris S-G,11,9,9,2,17,15,0,1,5,14,17,8,22,9,6,5,L1 23/24
2023-12-03,Jeremy Stinat,Monaco,Montpellier,15,13,8,2,29,19,1,1,3,10,10,24,27,9,9,3,L1 23/24
2023-12-03,Thomas Léonard,Toulouse,Lorient,16,10,3,4,23,14,1,0,8,4,13,16,11,11,6,5,L1 23/24
2023-12-03,Marc Bollengier,Brest,Clermont Foot,11,17,4,2,14,22,2,1,6,11,19,13,11,10,6,1,L1 23/24
2023-12-03,Gaël Angoula,Lille,Metz,8,11,6,1,15,16,2,3,5,8,16,19,15,5,5,2,L1 23/24
2023-12-03,Willy Delajod,Marseille,Rennes,9,15,1,6,13,14,2,1,9,4,12,15,4,10,1,0,L1 23/24
2023-12-06,François Letexier,Marseille,Lyon,14,11,10,3,37,15,3,1,5,10,16,24,12,6,5,1,L1 23/24
2023-12-07,Jérémie Pignard,Brest,Strasbourg,11,18,6,0,12,16,0,1,6,8,25,14,13,9,3,5,L1 23/24
2023-12-08,Stéphanie Frappart,Montpellier,Lens,16,11,4,3,16,11,0,1,5,10,19,17,18,13,4,5,L1 23/24
2023-12-09,Clément Turpin,Rennes,Monaco,9,22,5,5,15,9,1,2,8,11,20,14,14,12,4,5,L1 23/24
2023-12-09,Jérôme Brisard,Paris S-G,Nantes,9,12,5,3,13,18,1,1,4,5,22,16,16,10,6,4,L1 23/24
2023-12-10,Benoît Bastien,Nice,Reims,14,6,9,0,17,23,6,1,4,12,26,19,15,9,5,2,L1 23/24
2023-12-10,Florent Batta,Clermont Foot,Lille,18,9,3,5,14,18,1,0,7,8,22,21,16,12,5,3,L1 23/24
2023-12-10,Benoît Millot,Strasbourg,Le Havre,14,15,4,3,24,19,3,2,10,5,16,28,12,14,3,3,L1 23/24
2023-12-10,Romain Lissorgue,Metz,Brest,14,16,3,2,19,36,3,2,4,4,25,21,6,4,3,3,L1 23/24
2023-12-10,Pierre Gaillouste,Lyon,Toulouse,15,15,2,1,7,18,0,4,7,6,14,12,15,15,7,5,L1 23/24
2023-12-10,Eric Wattellier,Lorient,Marseille,17,17,4,6,9,16,0,0,7,8,13,16,15,18,8,8,L1 23/24
2023-12-15,Ruddy Buquet,Monaco,Lyon,13,12,6,1,21,18,2,1,4,14,23,12,19,5,4,2,L1 23/24
2023-12-16,Jérémie Pignard,Le Havre,Nice,13,9,2,9,19,17,1,0,10,3,16,17,8,13,4,5,L1 23/24
2023-12-16,François Letexier,Lens,Reims,9,10,4,7,17,15,1,1,11,3,23,15,7,14,2,3,L1 23/24
2023-12-17,Benoît Millot,Nantes,Brest,15,8,4,3,25,25,1,0,6,7,24,28,12,14,4,7,L1 23/24
2023-12-17,Jeremy Stinat,Toulouse,Rennes,17,14,4,4,13,16,1,0,5,7,17,16,15,11,4,4,L1 23/24
2023-12-17,Marc Bollengier,Metz,Montpellier,15,14,12,5,18,21,2,0,2,9,28,15,19,6,3,3,L1 23/24
2023-12-17,Bastien Dechepy,Lorient,Strasbourg,14,12,6,1,13,17,0,1,5,9,18,14,7,12,1,9,L1 23/24
2023-12-17,Gaël Angoula,Marseille,Clermont Foot,12,14,4,1,20,17,0,0,4,15,19,8,15,5,6,2,L1 23/24
2023-12-17,Willy Delajod,Lille,Paris S-G,9,19,8,8,25,13,4,3,6,4,13,15,15,9,3,1,L1 23/24
2023-12-20,Mathieu Vernice,Brest,Lorient,8,17,1,0,17,13,1,4,4,5,18,17,11,7,7,3,L1 23/24
2023-12-20,Eric Wattellier,Clermont Foot,Rennes,8,11,4,5,11,13,1,1,9,3,11,19,14,24,6,10,L1 23/24
2023-12-20,Benoît Bastien,Lyon,Nantes,8,14,7,7,14,17,3,1,12,2,15,16,8,7,7,0,L1 23/24
2023-12-20,Hakim Ben El Hadj Salem,Nice,Lens,14,11,5,6,6,16,1,3,6,5,15,16,13,10,4,3,L1 23/24
2023-12-20,Stéphanie Frappart,Reims,Le Havre,7,6,6,2,18,15,4,1,6,10,16,12,22,4,7,1,L1 23/24
2023-12-20,Jérôme Brisard,Toulouse,Monaco,17,10,4,5,13,17,1,1,7,10,19,15,20,11,5,3,L1 23/24
2023-12-20,Thomas Léonard,Montpellier,Marseille,21,13,5,10,14,14,0,1,12,3,11,16,12,17,6,4,L1 23/24
2023-12-20,Clément Turpin,Strasbourg,Lille,19,10,6,5,25,28,3,2,8,5,15,20,9,9,2,2,L1 23/24
2023-12-20,Ruddy Buquet,Paris S-G,Metz,6,9,5,5,6,17,5,0,5,6,16,12,13,3,5,1,L1 23/24
2024-01-12,Marc Bollengier,Marseille,Strasbourg,11,10,6,4,12,15,1,2,8,11,15,11,8,18,1,4,L1 23/24
2024-01-13,François Letexier,Monaco,Reims,11,9,6,6,18,16,0,1,4,9,21,24,9,12,5,5,L1 23/24
2024-01-13,Bastien Dechepy,Rennes,Nice,13,11,6,6,20,19,0,0,6,5,20,16,14,9,4,2,L1 23/24
2024-01-14,Pierre Gaillouste,Lille,Lorient,10,22,7,1,14,20,3,2,3,7,18,11,24,1,10,0,L1 23/24
2024-01-14,Jérémie Pignard,Brest,Montpellier,6,7,3,3,18,28,1,2,1,10,38,18,26,9,9,4,L1 23/24
2024-01-14,Florent Batta,Metz,Toulouse,20,18,5,2,17,28,0,0,5,7,28,13,14,3,2,1,L1 23/24
2024-01-14,Romain Lissorgue,Nantes,Clermont Foot,10,5,11,5,19,16,2,1,6,9,19,14,21,15,10,6,L1 23/24
2024-01-14,Gaël Angoula,Le Havre,Lyon,15,4,3,7,21,13,3,1,6,8,25,11,14,9,7,2,L1 23/24
2024-01-14,Jérôme Brisard,Lens,Paris S-G,10,8,5,6,16,23,1,2,7,7,14,9,16,15,4,7,L1 23/24
2024-01-26,Thomas Léonard,Lyon,Rennes,15,12,3,2,14,19,0,0,3,7,32,15,12,11,6,5,L1 23/24
2024-01-27,Stéphanie Frappart,Nice,Metz,10,13,5,2,19,22,2,2,4,6,24,18,14,2,8,1,L1 23/24
2024-01-27,Willy Delajod,Marseille,Monaco,11,12,10,1,22,19,3,1,3,8,20,19,22,6,9,5,L1 23/24
2024-01-28,Hakim Ben El Hadj Salem,Montpellier,Lille,13,16,5,2,22,23,2,4,10,6,12,19,12,12,7,0,L1 23/24
2024-01-28,Benoît Millot,Clermont Foot,Strasbourg,12,16,5,2,15,16,1,2,7,5,28,17,14,6,5,2,L1 23/24
2024-01-28,Jeremy Stinat,Lorient,Le Havre,15,21,1,4,15,13,1,1,6,9,14,21,13,13,6,3,L1 23/24
2024-01-28,Jérémie Pignard,Reims,Nantes,8,16,6,2,19,31,2,0,3,12,28,15,10,6,1,4,L1 23/24
2024-01-28,Mathieu Vernice,Toulouse,Lens,11,14,10,7,13,19,1,3,6,5,24,21,12,13,4,5,L1 23/24
2024-01-28,Clément Turpin,Paris S-G,Brest,12,10,7,0,21,25,1,1,3,8,23,11,10,9,4,6,L1 23/24
2024-02-02,Ruddy Buquet,Strasbourg,Paris S-G,12,13,3,4,20,13,1,2,2,8,15,16,20,8,8,4,L1 23/24
2024-02-03,Mathieu Vernice,Rennes,Montpellier,17,12,5,3,15,17,2,1,6,7,16,27,8,17,2,8,L1 23/24
2024-02-03,Florent Batta,Nantes,Lens,16,11,2,3,14,8,3,0,11,8,15,15,7,12,2,4,L1 23/24
2024-02-04,Jérôme Brisard,Monaco,Le Havre,16,11,9,4,25,14,3,1,5,9,21,22,17,3,5,0,L1 23/24
2024-02-04,Pierre Gaillouste,Reims,Toulouse,13,16,10,6,27,32,0,0,1,6,31,21,17,8,4,3,L1 23/24
2024-02-04,Romain Lissorgue,Metz,Lorient,12,13,4,3,15,23,2,2,7,7,24,15,10,12,3,4,L1 23/24
2024-02-04,Bastien Dechepy,Lille,Clermont Foot,8,10,12,1,21,25,0,1,2,9,17,21,23,4,13,3,L1 23/24
2024-02-04,Jeremy Stinat,Brest,Nice,12,12,3,5,23,16,1,3,4,6,25,16,17,13,2,1,L1 23/24
2024-02-04,Benoît Bastien,Lyon,Marseille,14,10,3,2,12,20,0,5,6,3,17,18,12,8,6,0,L1 23/24
2024-02-09,Hakim Ben El Hadj Salem,Marseille,Metz,12,16,6,3,18,14,3,1,6,10,16,12,18,7,6,3,L1 23/24
2024-02-10,Willy Delajod,Lens,Strasbourg,14,14,4,5,18,24,1,0,6,3,20,15,10,19,6,5,L1 23/24
2024-02-10,François Letexier,Paris S-G,Lille,12,10,6,8,19,18,2,3,4,4,21,22,16,10,8,3,L1 23/24
2024-02-11,Benoît Millot,Le Havre,Rennes,14,7,5,1,15,22,2,2,11,7,21,12,13,11,5,2,L1 23/24
2024-02-11,Stéphanie Frappart,Clermont Foot,Brest,12,13,2,4,10,17,0,1,9,6,16,17,7,16,2,9,L1 23/24
2024-02-11,Marc Bollengier,Lorient,Reims,9,14,1,7,14,15,1,2,14,6,18,26,17,23,5,5,L1 23/24
2024-02-11,Gaël Angoula,Toulouse,Nantes,10,13,12,0,13,19,2,0,2,18,24,10,16,5,3,2,L1 23/24
2024-02-11,Pierre Gaillouste,Montpellier,Lyon,11,11,1,5,16,19,1,1,13,9,18,12,15,19,8,5,L1 23/24
2024-02-11,Eric Wattellier,Nice,Monaco,17,14,8,2,28,26,0,2,3,7,18,21,14,9,4,5,L1 23/24
2024-02-16,Clément Turpin,Lyon,Nice,8,12,4,9,18,20,1,1,9,8,18,20,9,20,1,6,L1 23/24
2024-02-17,Jérémie Pignard,Lille,Le Havre,11,17,1,3,18,17,2,1,4,8,20,22,16,6,7,2,L1 23/24
2024-02-17,Jérôme Brisard,Nantes,Paris S-G,10,12,3,8,23,12,1,0,10,2,14,12,12,11,6,1,L1 23/24
2024-02-18,Thomas Léonard,Strasbourg,Lorient,13,12,9,4,19,15,0,1,2,14,19,14,18,13,4,6,L1 23/24
2024-02-18,Jeremy Stinat,Montpellier,Metz,17,13,7,4,15,22,4,2,8,8,29,19,20,14,6,3,L1 23/24
2024-02-18,Benoît Bastien,Monaco,Toulouse,18,12,4,6,19,26,1,0,5,7,26,14,22,14,5,7,L1 23/24
2024-02-18,Romain Lissorgue,Rennes,Clermont Foot,9,10,4,4,13,19,2,1,7,7,18,8,15,14,7,5,L1 23/24
2024-02-18,Benoît Millot,Reims,Lens,15,9,3,2,15,13,3,4,5,9,26,25,11,9,2,1,L1 23/24
2024-02-18,Ruddy Buquet,Brest,Marseille,14,9,6,4,23,19,2,3,6,11,23,17,15,9,5,2,L1 23/24
2024-02-23,Marc Bollengier,Metz,Lyon,13,12,4,3,23,23,0,1,7,9,23,24,15,11,4,5,L1 23/24
2024-02-24,Willy Delajod,Lorient,Nantes,11,11,3,8,18,24,3,3,5,4,20,17,6,7,1,6,L1 23/24
2024-02-24,Jérôme Brisard,Strasbourg,Brest,21,10,0,4,13,24,1,2,3,4,21,30,6,14,2,7,L1 23/24
2024-02-25,François Letexier,Lens,Monaco,10,13,9,3,18,14,2,2,5,12,25,11,20,14,10,7,L1 23/24
2024-02-25,Mathieu Vernice,Toulouse,Lille,20,10,6,8,24,9,0,1,11,4,17,19,13,12,3,2,L1 23/24
2024-02-25,Hakim Ben El Hadj Salem,Nice,Clermont Foot,8,12,8,1,15,15,1,0,6,13,21,11,23,12,4,4,L1 23/24
2024-02-25,Florent Batta,Le Havre,Reims,11,13,5,5,16,10,1,2,3,7,16,25,16,15,3,4,L1 23/24
2024-02-25,Bastien Dechepy,Paris S-G,Rennes,13,16,4,0,20,26,2,0,4,11,22,10,14,3,2,1,L1 23/24
2024-02-25,Jérémie Pignard,Marseille,Montpellier,8,12,7,4,15,22,0,0,3,14,25,21,15,9,5,4,L1 23/24
2024-03-01,Ruddy Buquet,Monaco,Paris S-G,10,13,5,6,19,13,3,1,9,3,13,31,14,14,6,7,L1 23/24
2024-03-02,Jeremy Stinat,Reims,Lille,12,14,4,4,13,23,0,2,6,4,33,18,8,8,3,3,L1 23/24
2024-03-02,Thomas Léonard,Clermont Foot,Marseille,9,13,7,4,13,17,1,1,4,2,16,16,7,17,2,11,L1 23/24
2024-03-03,Jérémie Pignard,Toulouse,Nice,14,10,7,6,19,14,0,2,3,7,16,23,17,9,6,6,L1 23/24
2024-03-03,Pierre Gaillouste,Brest,Le Havre,21,15,0,2,18,9,0,3,10,10,22,18,9,11,4,2,L1 23/24
2024-03-03,Eric Wattellier,Nantes,Metz,7,11,10,3,15,17,0,1,7,9,26,27,9,12,2,3,L1 23/24
2024-03-03,Stéphanie Frappart,Montpellier,Strasbourg,12,17,8,4,11,13,3,2,7,8,12,13,21,11,6,3,L1 23/24
2024-03-03,Benoît Bastien,Rennes,Lorient,12,9,6,3,14,16,0,4,5,12,22,13,22,12,6,6,L1 23/24
2024-03-03,Jérôme Brisard,Lyon,Lens,5,15,2,4,8,18,2,1,7,8,21,12,13,17,4,7,L1 23/24
2024-03-08,Ruddy Buquet,Nice,Montpellier,13,11,8,5,14,21,1,0,4,6,20,14,19,6,5,1,L1 23/24
2024-03-09,Mathieu Vernice,Lorient,Lyon,10,7,4,7,12,18,1,0,9,9,18,20,9,13,0,6,L1 23/24
2024-03-09,Stéphanie Frappart,Lens,Brest,13,10,2,4,12,14,1,0,6,5,26,15,6,9,2,3,L1 23/24
2024-03-10,Willy Delajod,Paris S-G,Reims,10,13,7,2,15,21,1,4,4,8,23,16,19,8,6,3,L1 23/24
2024-03-10,Romain Lissorgue,Le Havre,Toulouse,12,17,3,3,15,8,1,3,8,10,9,32,12,5,4,0,L1 23/24
2024-03-10,Clément Turpin,Strasbourg,Monaco,9,15,5,8,17,10,4,2,12,10,11,17,8,17,1,6,L1 23/24
2024-03-10,Gaël Angoula,Metz,Clermont Foot,10,10,5,7,19,10,3,3,7,6,11,11,10,14,1,6,L1 23/24
2024-03-10,Benoît Millot,Lille,Rennes,17,20,6,3,7,10,5,1,6,12,12,12,15,11,8,3,L1 23/24
2024-03-10,François Letexier,Marseille,Nantes,11,16,2,8,14,15,0,2,5,8,23,25,12,10,4,3,L1 23/24
2024-03-15,Jeremy Stinat,Toulouse,Lyon,18,12,5,3,16,16,2,0,10,3,19,15,12,18,4,6,L1 23/24
2024-03-16,Jérémie Pignard,Nantes,Strasbourg,16,15,4,5,9,19,1,0,6,8,23,20,11,11,2,6,L1 23/24
2024-03-16,Benoît Bastien,Lens,Nice,9,12,11,3,26,13,3,2,2,11,16,25,20,6,4,2,L1 23/24
2024-03-17,Clément Turpin,Brest,Lille,9,12,3,3,21,12,2,0,6,7,17,14,16,13,4,8,L1 23/24
2024-03-17,Bastien Dechepy,Monaco,Lorient,21,8,10,8,26,15,3,1,5,13,12,22,22,11,8,6,L1 23/24
2024-03-17,Hakim Ben El Hadj Salem,Reims,Metz,17,10,7,7,13,18,1,1,7,9,15,14,17,12,7,4,L1 23/24
2024-03-17,Marc Bollengier,Clermont Foot,Le Havre,13,17,3,5,18,5,1,0,9,4,13,18,8,14,3,5,L1 23/24
2024-03-17,Eric Wattellier,Rennes,Marseille,9,12,4,5,13,22,1,2,6,2,16,20,6,8,3,1,L1 23/24
2024-03-17,Florent Batta,Montpellier,Paris S-G,10,13,7,4,11,11,1,1,3,7,5,14,11,16,4,9,L1 23/24
2024-03-29,Willy Delajod,Lille,Lens,13,17,5,5,21,23,2,4,6,4,15,13,15,9,6,3,L1 23/24
2024-03-30,Eric Wattellier,Metz,Monaco,8,8,5,5,14,24,1,0,10,2,16,17,13,17,7,7,L1 23/24
2024-03-30,Thomas Léonard,Lyon,Reims,7,10,7,8,14,27,4,1,6,8,26,12,16,17,3,5,L1 23/24
2024-03-31,Jérôme Brisard,Lorient,Brest,10,18,6,4,7,13,5,0,8,7,23,12,11,10,5,1,L1 23/24
2024-03-31,Mathieu Vernice,Le Havre,Montpellier,10,12,6,6,20,24,1,2,6,5,21,29,14,14,3,5,L1 23/24
2024-03-31,Pierre Gaillouste,Clermont Foot,Toulouse,15,12,12,3,15,11,0,0,8,7,9,21,15,10,5,4,L1 23/24
2024-03-31,Bastien Dechepy,Nice,Nantes,7,19,9,3,12,12,0,3,5,3,17,17,11,12,2,3,L1 23/24
2024-03-31,Hakim Ben El Hadj Salem,Strasbourg,Rennes,10,17,4,5,23,21,1,1,10,3,14,13,14,12,7,0,L1 23/24
2024-03-31,Benoît Bastien,Marseille,Paris S-G,10,8,5,3,25,20,1,0,5,10,14,16,22,8,10,3,L1 23/24
2024-04-05,Bastien Dechepy,Lille,Marseille,13,18,4,2,8,17,1,3,7,10,16,12,13,14,5,5,L1 23/24
2024-04-06,François Letexier,Lens,Le Havre,13,10,7,4,16,17,4,2,7,4,27,27,18,10,8,2,L1 23/24
2024-04-06,Gaël Angoula,Paris S-G,Clermont Foot,11,7,17,2,18,14,2,1,3,9,17,7,23,6,7,3,L1 23/24
2024-04-07,Benoît Millot,Brest,Metz,11,17,8,5,21,8,0,0,4,13,21,23,25,8,11,5,L1 23/24
2024-04-07,Eric Wattellier,Reims,Nice,15,15,2,5,24,26,0,1,12,8,15,13,10,18,3,3,L1 23/24
2024-04-07,Ruddy Buquet,Toulouse,Strasbourg,16,17,4,3,19,13,2,1,6,7,20,27,11,8,2,1,L1 23/24
2024-04-07,Romain Lissorgue,Montpellier,Lorient,11,18,5,7,20,6,0,3,10,10,12,11,11,19,4,4,L1 23/24
2024-04-07,Stéphanie Frappart,Monaco,Rennes,16,17,6,3,13,8,0,1,8,8,21,11,16,12,5,7,L1 23/24
2024-04-07,Jérôme Brisard,Nantes,Lyon,8,14,5,5,16,10,0,1,6,6,18,11,14,19,6,10,L1 23/24
2024-04-12,Romain Lissorgue,Metz,Lens,11,17,5,2,10,11,0,2,12,9,14,18,11,16,5,1,L1 23/24
2024-04-13,Willy Delajod,Strasbourg,Reims,9,18,5,4,19,15,1,3,4,6,8,13,12,8,5,2,L1 23/24
2024-04-13,Florent Batta,Rennes,Toulouse,20,18,8,4,9,20,0,2,5,11,15,14,19,10,4,3,L1 23/24
2024-04-14,Hakim Ben El Hadj Salem,Le Havre,Nantes,14,12,6,7,14,17,1,2,5,4,29,21,10,12,1,4,L1 23/24
2024-04-14,Thomas Léonard,Clermont Foot,Montpellier,12,14,3,4,20,18,2,2,5,9,17,24,9,14,1,6,L1 23/24
2024-04-14,Mathieu Vernice,Lyon,Brest,12,7,10,7,13,24,3,0,13,6,17,7,15,22,7,7,L1 23/24
2024-04-19,Jeremy Stinat,Nice,Lorient,11,7,2,3,24,21,0,4,6,12,19,14,19,9,10,4,L1 23/24
2024-04-20,Willy Delajod,Nantes,Rennes,16,11,3,7,23,5,1,0,7,4,20,15,6,13,4,4,L1 23/24
2024-04-20,Benoît Bastien,Lens,Clermont Foot,17,17,4,3,11,23,1,1,9,9,18,23,16,8,3,1,L1 23/24
2024-04-21,Marc Bollengier,Le Havre,Metz,9,19,4,2,18,13,2,2,5,15,25,21,16,9,4,2,L1 23/24
2024-04-21,Benoît Millot,Lille,Strasbourg,11,19,4,4,14,13,3,0,6,6,19,15,6,8,2,2,L1 23/24
2024-04-21,Pierre Gaillouste,Reims,Montpellier,15,10,8,4,11,18,3,4,8,10,14,9,21,12,4,4,L1 23/24
2024-04-21,Ruddy Buquet,Brest,Monaco,8,9,7,4,23,20,3,1,7,9,17,26,12,8,2,3,L1 23/24
2024-04-21,Clément Turpin,Toulouse,Marseille,11,13,7,4,22,25,4,4,7,5,18,15,10,11,3,3,L1 23/24
2024-04-21,François Letexier,Paris S-G,Lyon,9,10,4,10,16,16,0,3,4,4,10,10,14,16,6,6,L1 23/24
2024-04-24,Marc Bollengier,Lorient,Paris S-G,8,7,3,6,16,25,1,3,8,4,21,13,11,15,6,7,L1 23/24
2024-04-24,Jérémie Pignard,Marseille,Nice,10,14,3,2,23,11,1,2,9,6,19,19,10,10,3,4,L1 23/24
2024-04-24,Clément Turpin,Monaco,Lille,9,9,7,5,19,21,6,0,6,6,16,23,19,13,7,4,L1 23/24
2024-04-26,Jeremy Stinat,Montpellier,Nantes,11,14,3,6,10,12,0,1,6,6,27,20,8,15,1,5,L1 23/24
2024-04-27,Willy Delajod,Paris S-G,Le Havre,10,8,11,2,13,22,5,0,3,9,22,18,17,5,4,3,L1 23/24
2024-04-28,Stéphanie Frappart,Metz,Lille,15,12,2,4,17,16,4,0,9,5,15,20,4,14,1,4,L1 23/24
2024-04-28,Gaël Angoula,Lorient,Toulouse,14,17,5,1,11,22,2,1,7,11,20,19,15,14,5,5,L1 23/24
2024-04-28,Thomas Léonard,Strasbourg,Nice,11,14,2,3,18,18,0,1,4,9,21,14,13,7,5,3,L1 23/24
2024-04-28,Florent Batta,Clermont Foot,Reims,9,12,5,5,21,18,4,1,9,4,18,22,10,10,4,3,L1 23/24
2024-04-28,Benoît Bastien,Rennes,Brest,14,15,7,4,16,24,1,2,5,4,13,16,21,10,7,5,L1 23/24
2024-04-28,Bastien Dechepy,Lyon,Monaco,15,14,3,3,19,18,5,3,5,12,16,17,15,13,4,5,L1 23/24
2024-04-28,Eric Wattellier,Marseille,Lens,8,12,3,11,14,13,3,1,12,5,17,16,13,18,6,5,L1 23/24
2024-05-03,Marc Bollengier,Toulouse,Montpellier,17,14,8,0,20,19,3,0,2,9,22,14,15,5,5,3,L1 23/24
2024-05-03,Jérémie Pignard,Lens,Lorient,10,14,4,4,23,9,1,2,4,10,16,18,19,11,6,5,L1 23/24
2024-05-04,Jérôme Brisard,Le Havre,Strasbourg,6,13,3,2,24,10,2,0,9,7,13,27,15,5,6,2,L1 23/24
2024-05-04,Hakim Ben El Hadj Salem,Monaco,Clermont Foot,13,12,4,4,19,15,2,6,8,8,24,21,23,9,8,1,L1 23/24
2024-05-04,Ruddy Buquet,Metz,Rennes,15,14,2,5,19,17,0,1,10,4,27,21,7,20,3,8,L1 23/24
2024-05-04,Clément Turpin,Brest,Nantes,7,14,6,0,14,20,0,2,7,6,19,22,9,9,2,1,L1 23/24
2024-05-06,Benoît Bastien,Lille,Lyon,14,14,4,4,17,14,0,2,10,4,14,12,8,11,5,7,L1 23/24
2024-05-10,Benoît Bastien,Nice,Le Havre,10,9,6,1,10,22,2,2,11,7,15,10,13,12,6,3,L1 23/24
2024-05-10,Jérôme Brisard,Brest,Reims,12,12,3,4,15,16,3,4,4,10,27,10,16,8,5,2,L1 23/24
2024-05-12,François Letexier,Strasbourg,Metz,10,10,3,6,15,21,0,1,9,5,26,25,11,11,2,2,L1 23/24
2024-05-12,Eric Wattellier,Nantes,Lille,17,7,5,4,22,15,2,1,6,6,18,15,9,11,5,3,L1 23/24
2024-05-12,Stéphanie Frappart,Montpellier,Monaco,20,10,3,3,18,21,2,1,8,12,18,21,14,19,3,8,L1 23/24
2024-05-12,Bastien Dechepy,Marseille,Lorient,9,6,9,5,17,15,3,0,9,10,27,15,12,14,3,3,L1 23/24
2024-05-12,Benoît Millot,Rennes,Lens,12,14,4,3,24,23,0,4,4,12,19,11,16,8,6,4,L1 23/24
2024-05-12,Pierre Gaillouste,Clermont Foot,Lyon,8,12,7,2,10,15,1,1,5,11,29,15,18,6,5,2,L1 23/24
2024-05-12,Florent Batta,Paris S-G,Toulouse,12,8,4,6,23,17,1,0,15,8,11,12,15,18,3,5,L1 23/24
